Year,Quarter,Month,Day,Sales,Profit
2010,Qtr 1,January,1,193.88,-425.20840000000004
2010,Qtr 1,January,2,11808.32,-472.71317999999997
2010,Qtr 1,January,3,7934.24,-1110.2888200000002
2010,Qtr 1,January,4,401.06,-577.3434
2010,Qtr 1,January,5,6258.37,2128.063912
2010,Qtr 1,January,6,9385.23,-14512.661399999999
2010,Qtr 1,January,7,14268.22,-3518.9941400000016
2010,Qtr 1,January,8,5346.4,3584.9917999999993
2010,Qtr 1,January,9,403.63,-1236.2749
2010,Qtr 1,January,10,5136.59,-1346.3147
2010,Qtr 1,January,11,3283.01,-164.72190000000012
2010,Qtr 1,January,12,5402,3012.2529
2010,Qtr 1,January,13,239.19,-19.27930000000002
2010,Qtr 1,January,14,3780.19,408.5729160000001
2010,Qtr 1,January,15,756.8,-254.04344000000003
2010,Qtr 1,January,16,2445.48,-1400.22295732
2010,Qtr 1,January,17,3743.64,-1418.83383
2010,Qtr 1,January,18,2987.38,2760.40454
2010,Qtr 1,January,19,1652.89,539.44622
2010,Qtr 1,January,20,541.76,-193.914
2010,Qtr 1,January,21,4778.79,-325.18417599999987
2010,Qtr 1,January,22,12226.73,5006.60828
2010,Qtr 1,January,23,765.9,-181.04520000000002
2010,Qtr 1,January,24,14143.71,2390.7021
2010,Qtr 1,January,25,411.43,6.578800000000001
2010,Qtr 1,January,26,2809.35,-2154.4025
2010,Qtr 1,January,27,2199.29,1234.2532400000002
2010,Qtr 1,January,28,790.18,-1251.15978
2010,Qtr 1,January,29,4830.78,-401.1052
2010,Qtr 1,January,30,4482.92,3093.2147999999993
2010,Qtr 1,January,31,6323.1,-580.8101750000001
2010,Qtr 1,February,1,812.81,-6.1799
2010,Qtr 1,February,2,8471.53,-5370.635971
2010,Qtr 1,February,3,227.79,-120.934
2010,Qtr 1,February,4,3751.67,372.7891
2010,Qtr 1,February,5,6240.61,3051.3722
2010,Qtr 1,February,6,4935.51,-624.9138000000003
2010,Qtr 1,February,7,1819.2,270.7254
2010,Qtr 1,February,8,1404.04,-646.5201000000002
2010,Qtr 1,February,10,420.91,311.9765
2010,Qtr 1,February,11,18940.32,-3517.7693
2010,Qtr 1,February,12,2686.35,1384.4714
2010,Qtr 1,February,13,13162.76,3769.2347
2010,Qtr 1,February,14,12091.22,2357.1774
2010,Qtr 1,February,15,5712.25,-1874.2183
2010,Qtr 1,February,16,13502.32,272.37800000000004
2010,Qtr 1,February,17,190.74,121.6677
2010,Qtr 1,February,18,15118.84,1947.268
2010,Qtr 1,February,19,688.52,168.17919999999998
2010,Qtr 1,February,20,1164.36,-3313.5997
2010,Qtr 1,February,21,1203.44,-118.50030000000001
2010,Qtr 1,February,22,5626.56,3611.9563999999996
2010,Qtr 1,February,23,453.02,-231.8218
2010,Qtr 1,February,24,4593.27,2430.0742999999993
2010,Qtr 1,February,25,1284.28,-729.7447
2010,Qtr 1,February,26,4256.13,2583.334799999999
2010,Qtr 1,February,27,495.36,-201.26980000000003
2010,Qtr 1,February,28,1280.26,709.9685
2010,Qtr 1,March,1,4863.99,-455.0229999999999
2010,Qtr 1,March,2,1321.87,100.6408
2010,Qtr 1,March,3,19.67,-129.01
2010,Qtr 1,March,4,1465.54,1284.9139999999998
2010,Qtr 1,March,5,2376.33,-402.58149999999995
2010,Qtr 1,March,6,1718.19,-486.27
2010,Qtr 1,March,7,2354.54,909.36
2010,Qtr 1,March,8,2501.28,905.972
2010,Qtr 1,March,9,3255.53,-1479.0493999999999
2010,Qtr 1,March,10,6684.56,-14115.9756
2010,Qtr 1,March,11,1534.55,12.167000000000002
2010,Qtr 1,March,12,1841.43,185.29589999999996
2010,Qtr 1,March,13,737.2,-398.34150000000005
2010,Qtr 1,March,14,23238.44,-4531.646200000001
2010,Qtr 1,March,15,2118.42,-1337.6475060000005
2010,Qtr 1,March,16,444.55,-769.598
2010,Qtr 1,March,17,145.98,-131.02
2010,Qtr 1,March,18,15084.03,2591.6691999999994
2010,Qtr 1,March,19,1656.75,-19.068740000000005
2010,Qtr 1,March,20,9232.82,-2203.5351
2010,Qtr 1,March,21,25786.55,3394.9111
2010,Qtr 1,March,22,6486.02,-311.71420000000035
2010,Qtr 1,March,23,726.11,384.1338
2010,Qtr 1,March,24,5337.38,-861.7502012500001
2010,Qtr 1,March,25,4555.51,2471.2567999999997
2010,Qtr 1,March,26,1408.1,-67.55320000000029
2010,Qtr 1,March,27,14350.18,3526.9733
2010,Qtr 1,March,28,1744.15,-16570.41
2010,Qtr 1,March,29,664.13,-144.14770000000001
2010,Qtr 1,March,30,1860.22,-438.03619999999995
2010,Qtr 1,March,31,101.71,-1279.797
2010,Qtr 2,April,1,586.75,-1038.492
2010,Qtr 2,April,2,1081.33,471.63359999999994
2010,Qtr 2,April,4,2853.93,1385.8667999999998
2010,Qtr 2,April,5,1553.9,-197.5537
2010,Qtr 2,April,6,16508.6,4588.646499999998
2010,Qtr 2,April,7,5968.34,191.8896999999999
2010,Qtr 2,April,8,1328.94,834.0542999999999
2010,Qtr 2,April,9,12395.05,2287.9521999999993
2010,Qtr 2,April,10,12012.88,1555.7597999999998
2010,Qtr 2,April,11,212.42,71.92989999999999
2010,Qtr 2,April,12,197.82,-160.50549999999998
2010,Qtr 2,April,13,255.85,116.73679999999999
2010,Qtr 2,April,14,1809.72,-932.1782060000003
2010,Qtr 2,April,15,2005.18,-691.195
2010,Qtr 2,April,16,5886.63,-3995.89
2010,Qtr 2,April,17,5082.73,-1173.7598999999998
2010,Qtr 2,April,18,3724.7,-191.79350000000002
2010,Qtr 2,April,19,3468.8,-877.3172999999999
2010,Qtr 2,April,20,2934.04,-1362.0679999999998
2010,Qtr 2,April,21,12939.56,-1053.32634
2010,Qtr 2,April,22,1578.6,90.9516999999999
2010,Qtr 2,April,23,3706.73,-3405.7169
2010,Qtr 2,April,24,2027.94,1121.8609999999999
2010,Qtr 2,April,26,11176.04,3963.3858999999993
2010,Qtr 2,April,27,3052.49,785.252
2010,Qtr 2,April,28,7331.65,-576.3309000000002
2010,Qtr 2,April,29,989.37,567.1419
2010,Qtr 2,April,30,7873,2491.8003
2010,Qtr 2,May,1,1055.81,-828.9406
2010,Qtr 2,May,2,51.99,28.4
2010,Qtr 2,May,3,1412.29,302.41999999999996
2010,Qtr 2,May,4,9242.85,5370.8725
2010,Qtr 2,May,5,16177.78,1630.1772999999994
2010,Qtr 2,May,6,572.08,-657.9374
2010,Qtr 2,May,7,3144.83,-974.7114000000001
2010,Qtr 2,May,8,792.51,-868.448
2010,Qtr 2,May,9,886.24,-386.1923
2010,Qtr 2,May,10,113.68,-82.64
2010,Qtr 2,May,11,3109.47,-356.06310000000013
2010,Qtr 2,May,12,1661.77,-1167.5574999999997
2010,Qtr 2,May,13,1929.53,230.43549999999996
2010,Qtr 2,May,14,1324.94,258.098
2010,Qtr 2,May,15,5873.85,1855.7951999999996
2010,Qtr 2,May,16,3100.87,-258.52630000000005
2010,Qtr 2,May,17,357.01,243.69400000000005
2010,Qtr 2,May,18,1749.17,854.5775
2010,Qtr 2,May,19,52.09,-92.32
2010,Qtr 2,May,20,2389.18,352.3993
2010,Qtr 2,May,21,3973.97,724.0227999999998
2010,Qtr 2,May,22,11931,-1185.7026999999998
2010,Qtr 2,May,23,2052.86,-643.7955
2010,Qtr 2,May,24,7831.36,1302.0087629999996
2010,Qtr 2,May,25,1518.58,458.67330000000004
2010,Qtr 2,May,26,6677.49,4050.6868
2010,Qtr 2,May,27,1071.55,103.14739999999998
2010,Qtr 2,May,28,2213.33,-794.4017000000001
2010,Qtr 2,May,29,393.85,-1290.689
2010,Qtr 2,May,30,1276.88,881.0472
2010,Qtr 2,June,1,3554.76,-200.75670000000005
2010,Qtr 2,June,2,3122.65,562.51602
2010,Qtr 2,June,3,10081.28,2189.6272
2010,Qtr 2,June,4,2503.37,-1944.8251999999998
2010,Qtr 2,June,5,9282.06,1963.9267
2010,Qtr 2,June,6,393.12,47.262
2010,Qtr 2,June,7,11803.75,6591.4384
2010,Qtr 2,June,8,1277.49,881.4680999999999
2010,Qtr 2,June,9,268.43,16.3625
2010,Qtr 2,June,10,270.92,-41.6226
2010,Qtr 2,June,11,14521.28,1606.6909000000003
2010,Qtr 2,June,12,4211.6,-621.7181999999999
2010,Qtr 2,June,13,2866.87,-555.4848
2010,Qtr 2,June,14,22614.96,3816.512
2010,Qtr 2,June,15,2987.28,322.14379999999994
2010,Qtr 2,June,16,264.95,-25.634
2010,Qtr 2,June,17,3918.09,-415.1156
2010,Qtr 2,June,18,40.29,-8.904
2010,Qtr 2,June,19,4072.87,-589.1466
2010,Qtr 2,June,20,376.4,146.39380000000003
2010,Qtr 2,June,21,895.45,-375.9602
2010,Qtr 2,June,22,9617.53,4471.037900000001
2010,Qtr 2,June,23,2686.31,-779.8720000000001
2010,Qtr 2,June,24,341.76,-184.454
2010,Qtr 2,June,25,6160.53,3871.5374199999997
2010,Qtr 2,June,28,2020.68,-108.68399999999998
2010,Qtr 2,June,29,1139,-207.08450000000005
2010,Qtr 2,June,30,7010.66,670.8565000000001
2010,Qtr 3,July,1,8666.18,-1531.8796999999997
2010,Qtr 3,July,2,12511.6,5205.047500000001
2010,Qtr 3,July,3,2200.18,-736.0594000000001
2010,Qtr 3,July,4,5069.52,1093.5653
2010,Qtr 3,July,5,13902.14,-2042.1866000000002
2010,Qtr 3,July,6,1738.18,498.75749999999994
2010,Qtr 3,July,7,2283.6,-260.00660000000005
2010,Qtr 3,July,8,42.44,-137.494
2010,Qtr 3,July,9,13523.2,1059.27964
2010,Qtr 3,July,10,6383.78,-276.76599999999996
2010,Qtr 3,July,11,72.11,27.23
2010,Qtr 3,July,12,9480.67,2068.7618
2010,Qtr 3,July,13,1532.85,301.6788999999999
2010,Qtr 3,July,14,1420,592.4099000000001
2010,Qtr 3,July,15,4073.15,-3295.8101000000006
2010,Qtr 3,July,16,1518.65,576.9168
2010,Qtr 3,July,17,2924.05,-1356.8323000000003
2010,Qtr 3,July,20,5567.25,835.2629999999999
2010,Qtr 3,July,21,7502.72,1284.3678
2010,Qtr 3,July,22,1286.91,-269.135
2010,Qtr 3,July,24,2661.76,-325.2378000000001
2010,Qtr 3,July,25,33.82,-18.64
2010,Qtr 3,July,26,4226.38,592.8637999999997
2010,Qtr 3,July,27,1837.1,3207.1793000000002
2010,Qtr 3,July,28,5827.47,-8160.0116
2010,Qtr 3,July,29,6835.83,-813.9540000000001
2010,Qtr 3,July,30,793.31,7.875299999999967
2010,Qtr 3,July,31,11121.61,7168.773649999999
2010,Qtr 3,August,1,6716.22,924.4394
2010,Qtr 3,August,2,12219.49,3696.289599999999
2010,Qtr 3,August,3,3257.92,411.27
2010,Qtr 3,August,4,5142.24,-3276.097592
2010,Qtr 3,August,5,11665.54,4264.5205000000005
2010,Qtr 3,August,6,4213.76,-458.0958832000002
2010,Qtr 3,August,7,2901.09,444.4120399999999
2010,Qtr 3,August,9,570.14,-40.449619999999996
2010,Qtr 3,August,10,12739.67,717.4743599999999
2010,Qtr 3,August,11,4916.61,1278.7671999999998
2010,Qtr 3,August,12,547.55,-121.64178
2010,Qtr 3,August,13,927.64,42.632
2010,Qtr 3,August,14,10310.26,1180.0931799999996
2010,Qtr 3,August,15,10820.93,4583.859016
2010,Qtr 3,August,16,2618.25,-102.26872908000013
2010,Qtr 3,August,17,885.65,395.308
2010,Qtr 3,August,18,13145.49,1845.6018600000002
2010,Qtr 3,August,19,1987.71,949.20172
2010,Qtr 3,August,20,4813.88,1387.31092
2010,Qtr 3,August,21,55561.1,9752.912639999999
2010,Qtr 3,August,22,5838.21,-342.36199999999997
2010,Qtr 3,August,23,6359.62,-1479.5929204000001
2010,Qtr 3,August,24,1166.72,-38.107200000000006
2010,Qtr 3,August,25,9467.85,1932.5457999999999
2010,Qtr 3,August,26,1169.37,-218.3612
2010,Qtr 3,August,27,3042.14,529.85518
2010,Qtr 3,August,28,653.28,-333.26584
2010,Qtr 3,August,29,652,-94.0762
2010,Qtr 3,August,30,135.77,69.7672
2010,Qtr 3,August,31,1121.3,-105.916
2010,Qtr 3,September,1,9274.98,3614.7931999999996
2010,Qtr 3,September,2,5086.08,1660.92
2010,Qtr 3,September,3,243.11,90.62
2010,Qtr 3,September,4,13273.17,7534.579299999999
2010,Qtr 3,September,5,6775.36,2308.0725
2010,Qtr 3,September,6,4419.04,-3221.471
2010,Qtr 3,September,7,356.5,-89.47399999999999
2010,Qtr 3,September,8,2872.24,1925.399
2010,Qtr 3,September,10,737.23,95.176
2010,Qtr 3,September,11,1084.82,-621.0334
2010,Qtr 3,September,12,4838.23,2791.5579
2010,Qtr 3,September,13,5911.29,2535.8189999999995
2010,Qtr 3,September,14,2544.65,-1190.864366
2010,Qtr 3,September,15,825.4,244.728
2010,Qtr 3,September,16,16283.98,1915.9688999999998
2010,Qtr 3,September,17,5098.54,2705.7393999999995
2010,Qtr 3,September,18,1756.62,1592.5518
2010,Qtr 3,September,19,3745.73,-1570.2484000000002
2010,Qtr 3,September,20,7442.76,328.43330000000003
2010,Qtr 3,September,21,70.75,-195.832
2010,Qtr 3,September,22,2917.54,202.33579999999998
2010,Qtr 3,September,23,3124.86,984.2819
2010,Qtr 3,September,24,2112.07,-864.5015
2010,Qtr 3,September,25,5130.56,-117.05580000000006
2010,Qtr 3,September,26,3829.5,-166.2003
2010,Qtr 3,September,27,1118.31,-106.40480000000002
2010,Qtr 3,September,28,1039.78,-25.795900000000003
2010,Qtr 3,September,29,852.36,-391.9665
2010,Qtr 3,September,30,13315.48,7497.912700000001
2010,Qtr 4,October,1,4616.77,-289.10934000000003
2010,Qtr 4,October,2,24186.17,-1956.9564920000003
2010,Qtr 4,October,4,64413.84,17396.40814
2010,Qtr 4,October,5,9221.77,2088.6508440000002
2010,Qtr 4,October,6,381.62,-345.41880000000003
2010,Qtr 4,October,7,7387.51,1204.7923999999998
2010,Qtr 4,October,8,2308.08,-10.511160000000018
2010,Qtr 4,October,9,9621.72,1278.8692600000002
2010,Qtr 4,October,10,1623.25,6.809099999999956
2010,Qtr 4,October,11,742.52,94.36439999999999
2010,Qtr 4,October,12,292.18,-784.9837880000001
2010,Qtr 4,October,13,3063.08,1087.28956
2010,Qtr 4,October,15,4548.07,-882.9950479999999
2010,Qtr 4,October,17,8190.56,-14588.831687999998
2010,Qtr 4,October,18,7146.43,1335.5550000000003
2010,Qtr 4,October,19,4349.5,-285.06148
2010,Qtr 4,October,20,19802.87,8634.249279999998
2010,Qtr 4,October,21,10473.62,12672.990399999999
2010,Qtr 4,October,22,987.3,590.1674999999999
2010,Qtr 4,October,23,6914.48,2810.91234
2010,Qtr 4,October,24,124.59,14.838
2010,Qtr 4,October,25,37768.2,10634.296400000001
2010,Qtr 4,October,26,1178.32,-801.1547999999999
2010,Qtr 4,October,27,2244.14,680.53836
2010,Qtr 4,October,28,23987.35,5282.57812
2010,Qtr 4,October,29,2572.22,100.11529999999999
2010,Qtr 4,October,30,367.37,2692.1977
2010,Qtr 4,October,31,775.43,-382.9221600000001
2010,Qtr 4,November,1,645.79,58.57599999999999
2010,Qtr 4,November,2,12478.78,959.7224000000003
2010,Qtr 4,November,3,25985.28,2254.6629000000003
2010,Qtr 4,November,4,1957.69,1024.1637
2010,Qtr 4,November,5,8958.35,6123.627599999999
2010,Qtr 4,November,6,419.99,17.833000000000016
2010,Qtr 4,November,7,507.66,39.88330000000001
2010,Qtr 4,November,8,7799.27,2264.9537
2010,Qtr 4,November,9,22.85,2.1400000000000023
2010,Qtr 4,November,10,4844.31,763.1044599999999
2010,Qtr 4,November,11,8478.87,5186.579999999999
2010,Qtr 4,November,12,4881.84,0.696
2010,Qtr 4,November,13,700.41,470.33799999999997
2010,Qtr 4,November,14,6611.01,486.35190000000006
2010,Qtr 4,November,15,815.14,238.57000000000016
2010,Qtr 4,November,16,7734.44,2775.7020000000007
2010,Qtr 4,November,17,7573.89,4375.221
2010,Qtr 4,November,18,167.63,-36.142
2010,Qtr 4,November,19,7392.94,1534.8820000000005
2010,Qtr 4,November,20,21672.15,4602.9729354
2010,Qtr 4,November,21,2611.43,94.86399999999999
2010,Qtr 4,November,22,1733.44,1006.5379999999999
2010,Qtr 4,November,23,18663.91,8564.353099999998
2010,Qtr 4,November,24,3731.57,203.40910000000017
2010,Qtr 4,November,25,11049.64,5464.679
2010,Qtr 4,November,26,2181.7,655.742
2010,Qtr 4,November,28,3165.38,1577.0107
2010,Qtr 4,November,29,36341.95,2055.0465999999997
2010,Qtr 4,November,30,3505.95,1586.7334
2010,Qtr 4,December,1,3375.06,-2397.8807
2010,Qtr 4,December,2,1668.04,202.422
2010,Qtr 4,December,3,14.85,-10.435
2010,Qtr 4,December,4,1675.2,-102.614
2010,Qtr 4,December,5,20823.83,10998.3087
2010,Qtr 4,December,6,22727.9,1896.7814999999998
2010,Qtr 4,December,7,4457.06,-1428.2294
2010,Qtr 4,December,8,3860.44,2663.7036
2010,Qtr 4,December,9,960.64,-105.98045
2010,Qtr 4,December,10,1536.8,-95.37
2010,Qtr 4,December,11,4707.45,726.6338000000002
2010,Qtr 4,December,12,22477.49,4051.965739999999
2010,Qtr 4,December,13,7417.76,5049.38205
2010,Qtr 4,December,14,4104.27,-70.19755000000008
2010,Qtr 4,December,15,19.32,-203.09799999999998
2010,Qtr 4,December,16,2954.94,-30.925099999999986
2010,Qtr 4,December,17,50.44,1095.838
2010,Qtr 4,December,18,10145.07,-387.39130000000006
2010,Qtr 4,December,19,8611.81,1121.3103749999998
2010,Qtr 4,December,20,48651.82,7485.1381
2010,Qtr 4,December,21,1472.54,521.2910999999998
2010,Qtr 4,December,22,4033.42,1544.9673
2010,Qtr 4,December,23,12510.53,-2026.5356000000002
2010,Qtr 4,December,24,230.52,-41.07625
2010,Qtr 4,December,25,4608.24,-326.69464500000004
2010,Qtr 4,December,26,7888.86,398.1011
2010,Qtr 4,December,27,338.41,-395.2763
2010,Qtr 4,December,28,5969.41,1296.6365999999998
2010,Qtr 4,December,29,2496.91,918.4799999999999
2010,Qtr 4,December,30,13424.37,9243.257699999998
2010,Qtr 4,December,31,3846.06,2653.7814
2011,Qtr 1,January,1,1649.31,-288.89480000000003
2011,Qtr 1,January,2,1755.35,757.5255399999999
2011,Qtr 1,January,3,8096.69,5401.440199999999
2011,Qtr 1,January,4,1945.48,-982.8324
2011,Qtr 1,January,5,4192.78,467.0862999999999
2011,Qtr 1,January,6,162.47,-131.86270000000002
2011,Qtr 1,January,7,103.99,-68.3262
2011,Qtr 1,January,8,323.74,-37.00115600000001
2011,Qtr 1,January,9,11361.79,4972.133199999999
2011,Qtr 1,January,10,28448.61,6439.6683
2011,Qtr 1,January,11,2444.33,989.5908000000001
2011,Qtr 1,January,12,854.39,-281.783862
2011,Qtr 1,January,13,2470.84,1219.32432
2011,Qtr 1,January,14,4399.05,859.5996399999999
2011,Qtr 1,January,15,2360.93,679.0341
2011,Qtr 1,January,16,1552.29,-1349.0868
2011,Qtr 1,January,17,217.98,-97.8608
2011,Qtr 1,January,18,5349.88,-10475.106356000002
2011,Qtr 1,January,19,311.02,-51.670000000000016
2011,Qtr 1,January,20,1102.26,-2598.806476
2011,Qtr 1,January,21,18.85,-31.272799999999997
2011,Qtr 1,January,22,2431.81,-1439.1693400000001
2011,Qtr 1,January,23,1375.85,783.9261999999999
2011,Qtr 1,January,24,938.58,139.87612000000004
2011,Qtr 1,January,25,18381.19,-1841.4158738400004
2011,Qtr 1,January,26,497.12,-301.764
2011,Qtr 1,January,27,5.06,-3.2736
2011,Qtr 1,January,28,1339.08,651.5599
2011,Qtr 1,January,29,6168.28,1404.7736
2011,Qtr 1,January,30,1512.87,-312.68172
2011,Qtr 1,January,31,3373.06,1740.2003
2011,Qtr 1,February,1,2543.79,774.6343999999999
2011,Qtr 1,February,2,9114.31,-1363.3954
2011,Qtr 1,February,3,886,-121.54002000000001
2011,Qtr 1,February,4,2074.07,-991.6749632000002
2011,Qtr 1,February,5,1222.75,825.9621999999999
2011,Qtr 1,February,6,2158.11,429.0466
2011,Qtr 1,February,7,1533.89,-719.774983
2011,Qtr 1,February,8,16296.02,-2631.1065
2011,Qtr 1,February,9,5765.85,74.97589999999991
2011,Qtr 1,February,10,4698.88,1643.4639999999995
2011,Qtr 1,February,11,2874.93,5.309399999999965
2011,Qtr 1,February,12,3458.41,-291.37449999999995
2011,Qtr 1,February,13,76.97,-213.02999999999997
2011,Qtr 1,February,14,1985.34,307.7783
2011,Qtr 1,February,15,635.91,35.42350000000001
2011,Qtr 1,February,16,169.74,117.1206
2011,Qtr 1,February,17,3586.78,1699.5794999999998
2011,Qtr 1,February,18,37.86,-77.28
2011,Qtr 1,February,19,1770.68,-980.3737
2011,Qtr 1,February,20,3892.54,-4708.37058
2011,Qtr 1,February,21,471.64,83.4596
2011,Qtr 1,February,22,3083.56,-1206.6989999999998
2011,Qtr 1,February,23,2971.8,-1897.9577
2011,Qtr 1,February,24,258.46,1180.6952
2011,Qtr 1,February,25,707.81,-468.4041000000001
2011,Qtr 1,February,26,9226.73,-2565.1298500000003
2011,Qtr 1,February,27,13816.78,4228.0974
2011,Qtr 1,February,28,2426.27,1599.2363999999998
2011,Qtr 1,March,1,1471.65,-95.53460000000001
2011,Qtr 1,March,2,877.74,50.45829999999999
2011,Qtr 1,March,3,5543.76,-1028.9003660000003
2011,Qtr 1,March,4,1088.91,-1194.42
2011,Qtr 1,March,5,808.68,331.7095
2011,Qtr 1,March,7,5115.23,2182.8605
2011,Qtr 1,March,8,2816.36,-642.7006
2011,Qtr 1,March,9,2492.21,-26.41119999999993
2011,Qtr 1,March,10,290.65,-1176.3282
2011,Qtr 1,March,11,390.31,-124.096
2011,Qtr 1,March,12,3819.5,-960.548566
2011,Qtr 1,March,13,2676.12,-482.8417
2011,Qtr 1,March,14,1248.71,-2149.989
2011,Qtr 1,March,15,2757.16,583.0346
2011,Qtr 1,March,16,351.78,32.644000000000005
2011,Qtr 1,March,17,209.3,-390.754
2011,Qtr 1,March,19,1204.41,617.2262
2011,Qtr 1,March,20,2907.23,-1217.5925
2011,Qtr 1,March,21,1066.55,-170.67032
2011,Qtr 1,March,22,1349.13,75.71
2011,Qtr 1,March,23,48.76,-101.85
2011,Qtr 1,March,24,3182.61,2008.6419999999998
2011,Qtr 1,March,25,2408.64,-350.80180600000034
2011,Qtr 1,March,26,556.31,-863.6401000000001
2011,Qtr 1,March,27,2965.69,-2378.0503
2011,Qtr 1,March,28,2948.61,-1230.0164790000001
2011,Qtr 1,March,29,3428.78,1657.5586999999998
2011,Qtr 1,March,30,2961.88,57.13977999999998
2011,Qtr 1,March,31,2170.07,773.3720999999999
2011,Qtr 2,April,1,5223.94,2800.0449
2011,Qtr 2,April,2,1860.14,-295.00199999999995
2011,Qtr 2,April,3,5823.49,-4541.5311124
2011,Qtr 2,April,4,1016.08,299.3505
2011,Qtr 2,April,5,790.21,-910.74
2011,Qtr 2,April,6,569.33,-480.33336600000007
2011,Qtr 2,April,7,787.27,-408.54010000000005
2011,Qtr 2,April,8,274.63,-488.6583999999999
2011,Qtr 2,April,9,9.64,4.08
2011,Qtr 2,April,10,4395.52,1529.9922000000001
2011,Qtr 2,April,11,4808.05,-1638.3039
2011,Qtr 2,April,12,3780.82,-111.87472000000008
2011,Qtr 2,April,15,4066.35,-130.13360000000017
2011,Qtr 2,April,16,5588.21,3526.3568999999993
2011,Qtr 2,April,17,501.97,44.55
2011,Qtr 2,April,18,94.63,-41.26
2011,Qtr 2,April,19,1215.87,105.91400000000002
2011,Qtr 2,April,20,11828.19,6011.941300000001
2011,Qtr 2,April,22,324.87,-996.2397000000003
2011,Qtr 2,April,23,26.22,18.0918
2011,Qtr 2,April,24,1634.48,530.911
2011,Qtr 2,April,25,250.73,4518.0509999999995
2011,Qtr 2,April,26,5041.67,2331.8721000000005
2011,Qtr 2,April,27,2300.05,218.94349999999997
2011,Qtr 2,April,28,2835.07,-1060.6724000000002
2011,Qtr 2,April,29,4213.9,-5850.9755
2011,Qtr 2,April,30,5408.34,2314.1847999999995
2011,Qtr 2,May,1,2570.92,89.2494000000001
2011,Qtr 2,May,2,3232.71,1043.4605999999999
2011,Qtr 2,May,3,10486.95,893.9042
2011,Qtr 2,May,4,216.07,-177.35719999999998
2011,Qtr 2,May,5,7545.77,583.7172999999999
2011,Qtr 2,May,6,6760.71,-502.07499999999993
2011,Qtr 2,May,7,3834.28,2095.6648999999998
2011,Qtr 2,May,8,910.92,-473.63919999999996
2011,Qtr 2,May,9,110.01,-12.335999999999999
2011,Qtr 2,May,10,1440.21,-142.0702
2011,Qtr 2,May,11,30498.9,8395.906
2011,Qtr 2,May,12,3023.28,-831.1629
2011,Qtr 2,May,13,4332.42,1777.5695
2011,Qtr 2,May,14,7791.59,2374.4272999999994
2011,Qtr 2,May,15,5790.17,1994.6849
2011,Qtr 2,May,16,115.42,-45.87
2011,Qtr 2,May,17,6081.73,3350.1190999999994
2011,Qtr 2,May,18,15.42,7.27
2011,Qtr 2,May,19,9714.86,1747.967
2011,Qtr 2,May,20,763.54,-278.74719999999996
2011,Qtr 2,May,21,2332.9,-6383.2633399999995
2011,Qtr 2,May,22,92.8,-43.45
2011,Qtr 2,May,23,1998.58,-613.3536761999999
2011,Qtr 2,May,24,4424.44,2421.3264
2011,Qtr 2,May,25,4187.1,1159.2933
2011,Qtr 2,May,26,3843.36,657.3992999999998
2011,Qtr 2,May,27,4528.4,-786.13432
2011,Qtr 2,May,28,1884.51,614.4870000000001
2011,Qtr 2,May,29,14169.44,3580.7185599999993
2011,Qtr 2,May,30,586.88,-48.79919999999999
2011,Qtr 2,May,31,2872.72,374.9397
2011,Qtr 2,June,1,9208.39,5449.558799999999
2011,Qtr 2,June,2,7146.95,-299.4305648000002
2011,Qtr 2,June,3,7998.18,2182.0308885
2011,Qtr 2,June,4,512.38,-401.99280000000005
2011,Qtr 2,June,5,4378.29,1479.1289999999997
2011,Qtr 2,June,6,2915.79,1658.3755999999998
2011,Qtr 2,June,7,1347.16,388.89459999999997
2011,Qtr 2,June,8,4692.1,1044.3881999999999
2011,Qtr 2,June,9,1079.87,-661.0648
2011,Qtr 2,June,10,3569.73,183.49950000000004
2011,Qtr 2,June,11,476.24,3.348
2011,Qtr 2,June,13,1296.22,-768.7423999999999
2011,Qtr 2,June,14,1544.13,-404.78599999999994
2011,Qtr 2,June,15,1470.46,25.743479999999977
2011,Qtr 2,June,16,8952.81,3272.2446072
2011,Qtr 2,June,17,9275.61,3625.822799999999
2011,Qtr 2,June,18,4209.71,2904.6998999999996
2011,Qtr 2,June,19,4417.11,2166.5883000000003
2011,Qtr 2,June,20,176.23,98.98779999999996
2011,Qtr 2,June,21,1140.91,339.364
2011,Qtr 2,June,22,180.02,-306.2527999999999
2011,Qtr 2,June,23,7140.05,2633.2374
2011,Qtr 2,June,24,1876.06,61
2011,Qtr 2,June,25,18294.07,3921.8409999999994
2011,Qtr 2,June,26,424.54,-357.00800000000004
2011,Qtr 2,June,27,5092.65,2715.4685
2011,Qtr 2,June,28,2406.14,1360.6609
2011,Qtr 2,June,29,3764.97,-548.4108
2011,Qtr 2,June,30,1531.84,733.5900999999999
2011,Qtr 3,July,3,5103.95,-1677.627637
2011,Qtr 3,July,4,9220.66,3195.6083000000003
2011,Qtr 3,July,5,71.56,-66.291
2011,Qtr 3,July,7,542.39,-612.750957
2011,Qtr 3,July,9,4123.06,-3332.3799999999997
2011,Qtr 3,July,10,97.13,-37.06
2011,Qtr 3,July,14,812.64,-321.6961
2011,Qtr 3,July,15,2647.1,903.2171999999999
2011,Qtr 3,July,16,6924.37,1769.3297999999998
2011,Qtr 3,July,17,9443.67,4353.8286
2011,Qtr 3,July,18,757.51,-399.5241
2011,Qtr 3,July,19,3006.84,1352.6047
2011,Qtr 3,July,20,5307.55,2346.174
2011,Qtr 3,July,21,3724.32,2181.7471999999993
2011,Qtr 3,July,22,1920.27,350.34159999999997
2011,Qtr 3,July,23,5312.31,1305.0451999999993
2011,Qtr 3,July,24,14425.05,1705.2504999999999
2011,Qtr 3,July,25,4804.4,1151.2974000000004
2011,Qtr 3,July,26,2552.78,731.6743
2011,Qtr 3,July,27,5286.17,-166.62606600000015
2011,Qtr 3,July,28,495.93,-271.46580000000006
2011,Qtr 3,July,29,26853.75,2642.1063
2011,Qtr 3,July,30,1242.92,-526.61305
2011,Qtr 3,July,31,1567.15,342.8067999999999
2011,Qtr 3,August,1,203.63,53.7038
2011,Qtr 3,August,2,2318.96,938.7193
2011,Qtr 3,August,3,5725.88,-826.0077200000001
2011,Qtr 3,August,4,7079.8,7533.172119999999
2011,Qtr 3,August,5,2222.74,781.6923599999998
2011,Qtr 3,August,6,15848.36,4801.8404199999995
2011,Qtr 3,August,7,5368.06,2269.0036
2011,Qtr 3,August,8,791.61,546.2108999999999
2011,Qtr 3,August,9,1182.78,628.2946799999999
2011,Qtr 3,August,10,4525.44,1502.3015999999998
2011,Qtr 3,August,11,728.87,7.283200000000013
2011,Qtr 3,August,12,533,5125.457299999999
2011,Qtr 3,August,13,774.94,518.68564
2011,Qtr 3,August,14,3126.72,1493.4108999999999
2011,Qtr 3,August,15,9551.33,198.009256
2011,Qtr 3,August,16,15081.93,48.2563200000001
2011,Qtr 3,August,17,2407.43,958.8533999999999
2011,Qtr 3,August,18,904.15,203.15500000000003
2011,Qtr 3,August,19,1179.05,-456.1259
2011,Qtr 3,August,20,967.41,-432.7214
2011,Qtr 3,August,21,2852.15,53.31639999999997
2011,Qtr 3,August,22,3760.71,2594.8898999999997
2011,Qtr 3,August,23,6740.27,2206.6305999999995
2011,Qtr 3,August,24,2430.04,747.5444
2011,Qtr 3,August,25,2.66,-69.0851
2011,Qtr 3,August,26,10674.04,1933.07234
2011,Qtr 3,August,27,2080.72,1602.9510599999999
2011,Qtr 3,August,28,1027.76,976.75192
2011,Qtr 3,August,29,1981.69,55.38439999999997
2011,Qtr 3,August,30,5812.51,368.68472967999986
2011,Qtr 3,August,31,531.28,-28.077399999999994
2011,Qtr 3,September,1,3430.59,1238.8175
2011,Qtr 3,September,2,405.1,262.79
2011,Qtr 3,September,3,5120.38,-1033.6768
2011,Qtr 3,September,4,2041.51,226.9682
2011,Qtr 3,September,5,2253.51,-173.70600000000007
2011,Qtr 3,September,6,22165.43,4531.3074
2011,Qtr 3,September,7,974.09,-33.22270000000003
2011,Qtr 3,September,8,415.73,-446.0079999999999
2011,Qtr 3,September,9,4349.65,-180.57799999999997
2011,Qtr 3,September,10,8495.64,1925.8534000000002
2011,Qtr 3,September,11,1344.94,498.7565000000001
2011,Qtr 3,September,12,21148.64,-2559.613800000001
2011,Qtr 3,September,13,2104.11,-797.9044
2011,Qtr 3,September,14,65538.14,7920.3369999999995
2011,Qtr 3,September,15,14690.22,-589.5579999999999
2011,Qtr 3,September,17,11336.43,1828.9990170000003
2011,Qtr 3,September,18,2638.06,-442.8571
2011,Qtr 3,September,19,21517.62,-1093.3279000000002
2011,Qtr 3,September,20,4977.68,-2541.7500000000005
2011,Qtr 3,September,21,2077.99,-514.55
2011,Qtr 3,September,22,2329.42,-977.9039999999999
2011,Qtr 3,September,23,32959.87,136.5292999999999
2011,Qtr 3,September,24,11869.52,4965.141500000001
2011,Qtr 3,September,25,13708.98,2616.6060000000007
2011,Qtr 3,September,26,6429.16,1437.5924649999997
2011,Qtr 3,September,27,2134.67,-617.6912
2011,Qtr 3,September,28,9655.21,6043.8825
2011,Qtr 3,September,29,30786.49,12260.009
2011,Qtr 3,September,30,4822.87,1740.6899999999998
2011,Qtr 4,October,1,173.33,-14.132799999999996
2011,Qtr 4,October,2,312.48,-559.20136
2011,Qtr 4,October,3,1511.56,-315.1452
2011,Qtr 4,October,4,2905.31,4814.462707999999
2011,Qtr 4,October,5,103.63,-220.038
2011,Qtr 4,October,6,10926.12,-1659.1355880000006
2011,Qtr 4,October,7,8422.77,291.50302000000005
2011,Qtr 4,October,8,1936,-581.9603999999999
2011,Qtr 4,October,9,15857.22,-2990.895
2011,Qtr 4,October,10,1697.54,811.1718999999999
2011,Qtr 4,October,11,3914.85,-869.04308
2011,Qtr 4,October,12,16777.45,10941.87972
2011,Qtr 4,October,13,4702.6,232.32017999999994
2011,Qtr 4,October,14,1609,-331.22872
2011,Qtr 4,October,15,19079.02,7502.6472
2011,Qtr 4,October,16,5932.58,2369.7612799999993
2011,Qtr 4,October,17,2575.93,161.9568
2011,Qtr 4,October,18,600.22,473.5953999999999
2011,Qtr 4,October,19,3726.2,1077.6368
2011,Qtr 4,October,20,16375.58,2015.9312
2011,Qtr 4,October,21,2388.56,-716.43696
2011,Qtr 4,October,22,78836.86,1447.39766472
2011,Qtr 4,October,23,4480.52,1341.0543199999997
2011,Qtr 4,October,24,4406.02,2326.8556399999998
2011,Qtr 4,October,25,1144.45,212.9432
2011,Qtr 4,October,26,8662.88,959.5696599999994
2011,Qtr 4,October,27,396.44,182.9289
2011,Qtr 4,October,28,33.5,-78.51924000000001
2011,Qtr 4,October,29,12077.9,1480.461632
2011,Qtr 4,October,30,11404.79,375.2136549999998
2011,Qtr 4,October,31,2266.36,2575.602954
2011,Qtr 4,November,1,24659.27,2773.7284999999997
2011,Qtr 4,November,3,6692.86,-1266.2006399999998
2011,Qtr 4,November,4,9053.58,2414.0274000000013
2011,Qtr 4,November,5,3572.61,1924.3405
2011,Qtr 4,November,6,10054.57,3767.6343
2011,Qtr 4,November,7,4375.28,717.1419000000001
2011,Qtr 4,November,8,7109.17,186.7966
2011,Qtr 4,November,9,7697.65,2228.2706999999996
2011,Qtr 4,November,10,1179.82,586.4356
2011,Qtr 4,November,11,1764.54,1143.7899
2011,Qtr 4,November,12,5407.85,1072.9772000000003
2011,Qtr 4,November,13,23441.93,4292.6633
2011,Qtr 4,November,14,10522.87,772.0631600000003
2011,Qtr 4,November,16,15798.91,-8.725699999999932
2011,Qtr 4,November,17,11404.29,6619.597020000001
2011,Qtr 4,November,18,13384.08,813.5308000000002
2011,Qtr 4,November,19,5022,308.9740000000001
2011,Qtr 4,November,20,2205.73,966.9608999999999
2011,Qtr 4,November,21,28696.33,1869.2771000000002
2011,Qtr 4,November,22,63171.86,14193.247800000001
2011,Qtr 4,November,23,16151.73,3935.8782000000006
2011,Qtr 4,November,24,14299.74,1616.6625250000004
2011,Qtr 4,November,25,8352.31,1067.0739158000003
2011,Qtr 4,November,26,13320.81,9160.6867
2011,Qtr 4,November,27,9058.73,2418.6464
2011,Qtr 4,November,29,2447.67,-229.52800000000005
2011,Qtr 4,November,30,4205.08,747.6018
2011,Qtr 4,December,1,6846.65,348.0048499999999
2011,Qtr 4,December,2,7390.79,1520.9788314999996
2011,Qtr 4,December,3,3827.43,2690.3595
2011,Qtr 4,December,4,1101.25,-468.29840000000013
2011,Qtr 4,December,5,27383.89,4185.3347465
2011,Qtr 4,December,6,1083.46,451.90889999999996
2011,Qtr 4,December,7,2736.31,740.24955
2011,Qtr 4,December,8,8199.68,5601.295999999999
2011,Qtr 4,December,9,10793.64,6871.1037
2011,Qtr 4,December,10,5688.46,1446.7744
2011,Qtr 4,December,11,1351.17,-261.313
2011,Qtr 4,December,12,8196.59,891.33975
2011,Qtr 4,December,13,1192.26,540.7425
2011,Qtr 4,December,14,5343.77,-17.207600000000042
2011,Qtr 4,December,15,2337.36,1467.5991
2011,Qtr 4,December,16,678.39,45.640799999999984
2011,Qtr 4,December,17,7115.89,9278.750100000001
2011,Qtr 4,December,18,21.9,-0.73
2011,Qtr 4,December,19,3221.21,497.3182999999999
2011,Qtr 4,December,20,18039.27,833.474717
2011,Qtr 4,December,21,9167.77,5597.8935
2011,Qtr 4,December,22,2691.68,2843.277
2011,Qtr 4,December,23,5773.55,-273.805
2011,Qtr 4,December,24,4741.42,725.9751000000001
2011,Qtr 4,December,25,33738.73,-6459.12783
2011,Qtr 4,December,26,9805.02,12133.416799999999
2011,Qtr 4,December,27,619.17,391.305
2011,Qtr 4,December,28,2305.47,814.3652999999998
2011,Qtr 4,December,29,992.42,-1410.1091000000001
2011,Qtr 4,December,30,24321.29,2346.699
2011,Qtr 4,December,31,3738.71,844.1683
2012,Qtr 1,January,1,621.26,-131.80270000000002
2012,Qtr 1,January,2,3796.6,428.2815
2012,Qtr 1,January,3,1340.79,391.39279999999985
2012,Qtr 1,January,4,6131.2,9702.358096
2012,Qtr 1,January,5,253.22,-153.24580000000003
2012,Qtr 1,January,6,22923.35,2700.3142160000007
2012,Qtr 1,January,7,2535.29,693.3770399999999
2012,Qtr 1,January,8,6237.98,453.77164
2012,Qtr 1,January,9,8088.69,-4223.334419999999
2012,Qtr 1,January,10,10113.34,-1333.2437600000003
2012,Qtr 1,January,11,7372.02,1442.3132400000002
2012,Qtr 1,January,13,1168.38,338.2352
2012,Qtr 1,January,14,1551,-1298.0072
2012,Qtr 1,January,15,2025.71,233.93599999999998
2012,Qtr 1,January,16,311.64,-109.1015
2012,Qtr 1,January,17,209.98,-184.34900000000002
2012,Qtr 1,January,18,2035.02,405.04820000000007
2012,Qtr 1,January,19,1058.95,530.43482
2012,Qtr 1,January,20,256.43,-362.8736
2012,Qtr 1,January,21,545.1,-332.03229999999996
2012,Qtr 1,January,22,1753.19,484.0717
2012,Qtr 1,January,23,550.74,-31.183200000000003
2012,Qtr 1,January,24,537.78,214.57119999999998
2012,Qtr 1,January,25,1470.53,-254.978908
2012,Qtr 1,January,26,3201.32,-1116.83208
2012,Qtr 1,January,27,4276.84,1866.9930399999998
2012,Qtr 1,January,28,3423.15,-276.85900000000004
2012,Qtr 1,January,29,966.52,-820.6757599999999
2012,Qtr 1,January,30,102.84,2.1692
2012,Qtr 1,January,31,1417.77,460.91540000000003
2012,Qtr 1,February,1,1441.06,89.4765
2012,Qtr 1,February,2,2959.73,-505.63890000000015
2012,Qtr 1,February,3,3108.59,84.47459999999987
2012,Qtr 1,February,4,2259.86,611.4244000000001
2012,Qtr 1,February,5,12017.48,-1155.9637000000005
2012,Qtr 1,February,6,13119.88,5979.788511999999
2012,Qtr 1,February,7,3547.31,-1713.6189000000002
2012,Qtr 1,February,8,456.47,-449.57899999999995
2012,Qtr 1,February,9,687.08,-193.01
2012,Qtr 1,February,10,2547.91,-1352.3211
2012,Qtr 1,February,11,5437.53,1860.8856999999998
2012,Qtr 1,February,12,1839.79,-563.1566359999999
2012,Qtr 1,February,13,4769.77,-2964.8713
2012,Qtr 1,February,14,3152.62,516.5130680000001
2012,Qtr 1,February,15,4611.02,1409.6055000000001
2012,Qtr 1,February,16,409.36,126.50970000000001
2012,Qtr 1,February,17,285.52,-366.7192
2012,Qtr 1,February,18,7317.69,5001.147
2012,Qtr 1,February,19,2324.52,954.7745000000001
2012,Qtr 1,February,20,9666.32,763.0774999999998
2012,Qtr 1,February,21,1296.33,-895.893
2012,Qtr 1,February,22,1428.8,695.7903999999999
2012,Qtr 1,February,23,104.78,65.496
2012,Qtr 1,February,24,4966.71,2615.1909999999993
2012,Qtr 1,February,25,2244.52,743.0200000000001
2012,Qtr 1,February,26,2566.89,120.25730000000009
2012,Qtr 1,February,27,511.1,352.659
2012,Qtr 1,February,28,138.08,-800.1125000000001
2012,Qtr 1,March,1,1483.31,1120.8138
2012,Qtr 1,March,2,4409.76,1322.995
2012,Qtr 1,March,3,552.16,44.73169999999996
2012,Qtr 1,March,4,5705.06,-1988.5869999999995
2012,Qtr 1,March,5,16261.26,2989.8298999999993
2012,Qtr 1,March,7,2795.86,296.01000000000005
2012,Qtr 1,March,8,754.87,-842.1605
2012,Qtr 1,March,9,193.14,-317.4295
2012,Qtr 1,March,10,5782.37,3188.8599
2012,Qtr 1,March,11,823.43,-596.008
2012,Qtr 1,March,12,2978.75,-242.4661
2012,Qtr 1,March,13,2545.63,-161.18249999999998
2012,Qtr 1,March,14,75.74,22.38
2012,Qtr 1,March,15,13146.09,1178.1868
2012,Qtr 1,March,16,2852.46,4926.5795
2012,Qtr 1,March,17,4314.7,-3101.36637
2012,Qtr 1,March,18,7150.44,-5951.248800000001
2012,Qtr 1,March,19,2163.5,1323.0922999999998
2012,Qtr 1,March,20,8974.23,1442.6475
2012,Qtr 1,March,21,1352.29,-1347.2375000000002
2012,Qtr 1,March,22,2778.57,637.08
2012,Qtr 1,March,23,498.56,-394.1843
2012,Qtr 1,March,24,958.23,-950.826
2012,Qtr 1,March,25,366.55,-221.26678
2012,Qtr 1,March,26,10208.47,2959.3923599999994
2012,Qtr 1,March,27,72.14,-84.61055999999996
2012,Qtr 1,March,28,509.57,-48.01650000000001
2012,Qtr 1,March,29,1170.29,806.0979
2012,Qtr 1,March,30,1498.76,1034.1444000000001
2012,Qtr 1,March,31,197.57,-144.399
2012,Qtr 2,April,1,4348.1,1089.1
2012,Qtr 2,April,2,433.39,-611.6175999999999
2012,Qtr 2,April,3,2600.82,42.57569999999984
2012,Qtr 2,April,4,2141.02,-541.6298999999999
2012,Qtr 2,April,5,4771.77,2678.5067
2012,Qtr 2,April,6,3390.41,-1410.4740000000002
2012,Qtr 2,April,7,300.01,-67.83999999999999
2012,Qtr 2,April,8,7633.61,-677.9149000000001
2012,Qtr 2,April,9,2530.99,-6810.674975000001
2012,Qtr 2,April,10,2942.69,-228.58230000000003
2012,Qtr 2,April,11,15263.49,1588.617299999999
2012,Qtr 2,April,12,2015.43,-901.732
2012,Qtr 2,April,13,3200.34,1442.9442000000001
2012,Qtr 2,April,14,1660.45,-86.68
2012,Qtr 2,April,15,3988.15,1156.0171
2012,Qtr 2,April,16,6942.7,2425.8931000000002
2012,Qtr 2,April,17,2855.55,452.1554
2012,Qtr 2,April,18,2855.52,-190.32510000000002
2012,Qtr 2,April,19,1090.3,-532.0419999999999
2012,Qtr 2,April,20,3992.44,-91.54249999999999
2012,Qtr 2,April,21,3530.25,1058.392
2012,Qtr 2,April,22,17892.52,6142.140999999999
2012,Qtr 2,April,23,666.39,-230.10639999999998
2012,Qtr 2,April,24,10034.52,2240.9064999999996
2012,Qtr 2,April,25,1745.17,402.4996
2012,Qtr 2,April,26,565.57,-87.375
2012,Qtr 2,April,28,1724.74,-1315.6629
2012,Qtr 2,April,29,10111.74,4523.4909
2012,Qtr 2,April,30,8641,3464.7730999999994
2012,Qtr 2,May,1,11381.52,-882.0385000000001
2012,Qtr 2,May,2,34606.7,3557.8864
2012,Qtr 2,May,3,6794.84,39.844699999999705
2012,Qtr 2,May,4,3970.55,-656.6892
2012,Qtr 2,May,5,4153.81,2796.3795000000005
2012,Qtr 2,May,6,3921.08,2221.8339
2012,Qtr 2,May,7,1557.48,1702.4423999999997
2012,Qtr 2,May,8,4099.65,1576.4574999999998
2012,Qtr 2,May,9,7701.17,-866.8475160000002
2012,Qtr 2,May,10,158.5,-157.892
2012,Qtr 2,May,11,3112.93,-13.510200000000054
2012,Qtr 2,May,12,5313.25,-143.64559999999994
2012,Qtr 2,May,13,117.59,-144.14000000000001
2012,Qtr 2,May,14,4531.73,-815.5664060000001
2012,Qtr 2,May,15,3642.34,679.2290999999998
2012,Qtr 2,May,16,3057.57,-188.22000000000003
2012,Qtr 2,May,17,2896.83,-331.03059999999994
2012,Qtr 2,May,18,338.69,5159.545999999999
2012,Qtr 2,May,19,1208.33,-368.15934
2012,Qtr 2,May,20,5050.66,207.99509999999987
2012,Qtr 2,May,21,5742.18,-13277.643779999999
2012,Qtr 2,May,22,12239.82,4645.826699999999
2012,Qtr 2,May,23,3070.06,4029.5854
2012,Qtr 2,May,24,571.69,-373.9922
2012,Qtr 2,May,25,14038.36,6395.938499999999
2012,Qtr 2,May,26,614.58,-112.60769999999997
2012,Qtr 2,May,27,1609.53,-494.9514000000001
2012,Qtr 2,May,28,613.53,-566.7560000000001
2012,Qtr 2,May,30,1216.76,804.2375999999999
2012,Qtr 2,May,31,5428.57,-1959.7846
2012,Qtr 2,June,1,6523.57,-3178.0214300000002
2012,Qtr 2,June,2,2445.34,-1990.2896
2012,Qtr 2,June,3,2948.78,1410.4256799999998
2012,Qtr 2,June,4,24.68,17.0292
2012,Qtr 2,June,5,3798.16,2288.4835000000003
2012,Qtr 2,June,6,862.46,-143.834
2012,Qtr 2,June,7,2192.61,161.85119999999992
2012,Qtr 2,June,8,1858.05,492.55089999999984
2012,Qtr 2,June,9,3229.49,1849.7887999999998
2012,Qtr 2,June,10,4680.3,2855.3808000000004
2012,Qtr 2,June,11,1218.34,-6.102199999999925
2012,Qtr 2,June,12,4733.78,-252.45200000000006
2012,Qtr 2,June,13,23260.65,1494.8787
2012,Qtr 2,June,14,6222.72,250.04429999999996
2012,Qtr 2,June,15,225.02,-11.065899999999996
2012,Qtr 2,June,16,435.7,-185.27569999999997
2012,Qtr 2,June,17,5382.64,-154.5781
2012,Qtr 2,June,18,463.43,249.7215
2012,Qtr 2,June,19,1731.3,-812.4655999999999
2012,Qtr 2,June,20,2961.26,1643.9398999999999
2012,Qtr 2,June,21,1221.06,-81.54140000000004
2012,Qtr 2,June,22,43549.19,6274.2402999999995
2012,Qtr 2,June,23,1686.83,783.6678999999999
2012,Qtr 2,June,24,6698.58,-497.85800000000006
2012,Qtr 2,June,25,4444.79,352.43563
2012,Qtr 2,June,26,748.28,141.15399999999994
2012,Qtr 2,June,27,2038.21,483.06359999999995
2012,Qtr 2,June,28,4219.44,-1910.5400000000002
2012,Qtr 2,June,29,2853.53,1446.3675999999998
2012,Qtr 2,June,30,2991.49,761.0531000000001
2012,Qtr 3,July,1,16884.81,2249.8454
2012,Qtr 3,July,2,3392.87,-4127.667
2012,Qtr 3,July,3,19730.88,9095.2046
2012,Qtr 3,July,4,1801.96,-676.4580000000001
2012,Qtr 3,July,5,33522.94,2783.5733
2012,Qtr 3,July,6,10369.42,-477.5107999999999
2012,Qtr 3,July,7,3636.5,-8572.7896
2012,Qtr 3,July,8,64.75,-74.1675
2012,Qtr 3,July,10,6074,3429.8777999999998
2012,Qtr 3,July,11,143.99,99.3531
2012,Qtr 3,July,12,1060.34,100.75319999999998
2012,Qtr 3,July,13,683.19,26.761299999999924
2012,Qtr 3,July,14,843.44,-294.58205
2012,Qtr 3,July,15,10581.07,502.54750000000024
2012,Qtr 3,July,16,1465.98,36.413999999999994
2012,Qtr 3,July,17,153.57,-231.95
2012,Qtr 3,July,18,4777.67,-913.7445000000001
2012,Qtr 3,July,19,2439.64,-1954.642
2012,Qtr 3,July,20,6.73,-387.632
2012,Qtr 3,July,21,8554.55,3618.207999999999
2012,Qtr 3,July,22,6966.97,-831.8933000000002
2012,Qtr 3,July,23,2568.88,-1001.7799
2012,Qtr 3,July,24,2833.72,1572.2502000000002
2012,Qtr 3,July,25,4974.85,2391.8278
2012,Qtr 3,July,26,3814.06,807.6891999999999
2012,Qtr 3,July,27,3751.47,-302.32789999999994
2012,Qtr 3,July,28,1068.94,552.1675
2012,Qtr 3,July,29,1702.73,522.5703
2012,Qtr 3,July,30,3996.15,2131.8593
2012,Qtr 3,July,31,362.89,67.08999999999999
2012,Qtr 3,August,1,2711.87,464.2084799999999
2012,Qtr 3,August,2,5036.08,2735.2331999999997
2012,Qtr 3,August,3,3895.22,20.563899999999993
2012,Qtr 3,August,4,4642.59,-452.1291360000001
2012,Qtr 3,August,5,3867.29,-4204.07866
2012,Qtr 3,August,6,2891.45,-294.61462500000005
2012,Qtr 3,August,7,5036.56,2623.3866000000003
2012,Qtr 3,August,8,4998.6,975.3858600000001
2012,Qtr 3,August,9,670.5,-114.08582799999999
2012,Qtr 3,August,10,8480.35,5583.0832
2012,Qtr 3,August,11,3909.47,241.90443999999988
2012,Qtr 3,August,12,10553.36,2249.62454
2012,Qtr 3,August,13,389.28,409.24289999999996
2012,Qtr 3,August,14,5989.08,-2078.0010054000004
2012,Qtr 3,August,15,2477.91,450.2765999999998
2012,Qtr 3,August,16,8911.65,3551.4783999999995
2012,Qtr 3,August,17,5577.85,-329.02432164000004
2012,Qtr 3,August,18,1627.31,1019.3913199999998
2012,Qtr 3,August,19,779.01,259.85409999999996
2012,Qtr 3,August,20,1265.22,-640.8441640000001
2012,Qtr 3,August,21,6470.27,1593.9878393600002
2012,Qtr 3,August,22,6847.29,2017.1167
2012,Qtr 3,August,23,9783.29,3427.2573
2012,Qtr 3,August,24,4687.06,1854.0683999999997
2012,Qtr 3,August,25,18660.23,5955.142
2012,Qtr 3,August,26,6368.12,496.89363287999976
2012,Qtr 3,August,28,1520.56,-292.89880000000005
2012,Qtr 3,August,30,1091.57,159.606
2012,Qtr 3,August,31,11007.09,838.5639199999996
2012,Qtr 3,September,1,248.92,-30.592
2012,Qtr 3,September,2,6838.87,341.70799999999997
2012,Qtr 3,September,3,5424.76,718.3143
2012,Qtr 3,September,4,23167.85,11231.4201
2012,Qtr 3,September,5,6489.49,-54.629999999999995
2012,Qtr 3,September,6,484.49,65.10130000000002
2012,Qtr 3,September,7,726.24,-576.8484000000002
2012,Qtr 3,September,8,4228.33,-845.38
2012,Qtr 3,September,9,52350.16,-2736.0363427800003
2012,Qtr 3,September,10,1288.02,52.27379999999998
2012,Qtr 3,September,11,15726.15,3993.6731
2012,Qtr 3,September,12,4081.22,1577.6456999999998
2012,Qtr 3,September,13,2753.55,-269.1105
2012,Qtr 3,September,14,2886.85,-2893.6479
2012,Qtr 3,September,15,11543.43,-4558.74095
2012,Qtr 3,September,16,305.76,41.56
2012,Qtr 3,September,17,382.23,-190.41
2012,Qtr 3,September,18,2558.99,1215.28
2012,Qtr 3,September,19,6722.56,2510.8669
2012,Qtr 3,September,20,103.34,-156.47
2012,Qtr 3,September,21,10160.5,5217.267
2012,Qtr 3,September,22,9042.96,1956.6205
2012,Qtr 3,September,23,1252.54,76.00199999999998
2012,Qtr 3,September,24,7679.34,-613.2181
2012,Qtr 3,September,25,7450.88,3139.5728
2012,Qtr 3,September,26,1899.59,357.8999999999999
2012,Qtr 3,September,27,4393.77,1336.4740000000002
2012,Qtr 3,September,28,4162.91,4989.643599999999
2012,Qtr 3,September,29,2533.9,-487.73100000000005
2012,Qtr 3,September,30,2916.58,187.34799999999998
2012,Qtr 4,October,1,5110.9,-540.7424630400001
2012,Qtr 4,October,2,12429.92,3790.0023999999994
2012,Qtr 4,October,3,15887.81,-61.95492000000016
2012,Qtr 4,October,4,582.59,-1214.1786399999999
2012,Qtr 4,October,5,648.75,96.73239999999998
2012,Qtr 4,October,6,6242.84,-1048.19999
2012,Qtr 4,October,7,11014.88,1557.0354800000005
2012,Qtr 4,October,8,1950.23,-157.58792000000003
2012,Qtr 4,October,9,5408.39,1081.4730999999997
2012,Qtr 4,October,10,1414.56,-565.8140400000001
2012,Qtr 4,October,11,5736.66,3497.9504
2012,Qtr 4,October,12,2225.7,278.2263999999999
2012,Qtr 4,October,13,1069.41,93.39931999999999
2012,Qtr 4,October,14,104.77,-10.6272
2012,Qtr 4,October,15,11295.55,4863.0008
2012,Qtr 4,October,16,6518.33,16959.0036
2012,Qtr 4,October,17,5017.76,631.8276
2012,Qtr 4,October,18,7669.28,5099.232499999999
2012,Qtr 4,October,19,18428.43,5073.700439999999
2012,Qtr 4,October,20,9655.76,278.7450304399998
2012,Qtr 4,October,21,18195.11,2010.6523999999995
2012,Qtr 4,October,22,2440.25,0.9639239999999276
2012,Qtr 4,October,23,551.14,358.4412
2012,Qtr 4,October,24,3233.95,-327.2402682400001
2012,Qtr 4,October,25,9523.76,1307.2437863999999
2012,Qtr 4,October,26,618.66,-191.33352000000002
2012,Qtr 4,October,27,104.3,-60.966
2012,Qtr 4,October,28,4427.34,1188.7230839999997
2012,Qtr 4,October,29,5859.95,3213.624
2012,Qtr 4,October,30,1299.21,1206.79232
2012,Qtr 4,October,31,24763.35,4844.365599999999
2012,Qtr 4,November,1,14297.59,4116.532999999999
2012,Qtr 4,November,2,9855.39,3164.8340000000003
2012,Qtr 4,November,3,3687.95,788.91242
2012,Qtr 4,November,5,14528.39,7397.6323600000005
2012,Qtr 4,November,6,4170.49,635.911072
2012,Qtr 4,November,7,43468.99,15124.114299999997
2012,Qtr 4,November,8,8695.45,2588.1122000000005
2012,Qtr 4,November,9,1280.46,50.51200000000004
2012,Qtr 4,November,10,13399.5,3217.124
2012,Qtr 4,November,11,5288.12,583.4510986000001
2012,Qtr 4,November,12,14278.38,5061.59702
2012,Qtr 4,November,13,14632.41,106.82327320000024
2012,Qtr 4,November,14,206.33,9.446000000000009
2012,Qtr 4,November,15,14506.5,0.7894000000000219
2012,Qtr 4,November,16,18771.55,5226.2587
2012,Qtr 4,November,17,18085.06,-414.57811499999997
2012,Qtr 4,November,18,52415.34,2643.1208000000006
2012,Qtr 4,November,19,166700.45,21694.783079999997
2012,Qtr 4,November,20,9372.05,1292.517
2012,Qtr 4,November,21,1312.53,1647.8865
2012,Qtr 4,November,22,17378.28,7766.36644
2012,Qtr 4,November,23,68.66,5.920000000000009
2012,Qtr 4,November,24,5269.41,894.5020000000001
2012,Qtr 4,November,25,24423.6,13203.6734
2012,Qtr 4,November,26,7709.86,1466.6636
2012,Qtr 4,November,27,21905.93,2484.7970800000026
2012,Qtr 4,November,28,754.88,801.2660000000001
2012,Qtr 4,November,29,11553.7,5881.818700000001
2012,Qtr 4,November,30,2083.16,1319.5188999999998
2012,Qtr 4,December,1,3294.98,649.5062499999999
2012,Qtr 4,December,2,5748.51,-155.07145000000003
2012,Qtr 4,December,3,2644.3,0.5125400000000155
2012,Qtr 4,December,4,4569.05,1003.8197999999998
2012,Qtr 4,December,5,1007.56,293.63134999999994
2012,Qtr 4,December,6,13451.89,1512.5990999999997
2012,Qtr 4,December,7,21168.71,11598.682449999995
2012,Qtr 4,December,8,2445.95,69.43735000000002
2012,Qtr 4,December,9,2210.03,320.1477
2012,Qtr 4,December,10,39807.13,1802.4943600000006
2012,Qtr 4,December,11,36360.22,9584.2718
2012,Qtr 4,December,12,225.5,-700.4693124000003
2012,Qtr 4,December,13,6455.02,3429.5471
2012,Qtr 4,December,14,5942.82,2044.3146499999998
2012,Qtr 4,December,15,1186.79,156.68
2012,Qtr 4,December,16,8219.75,2516.1835999999994
2012,Qtr 4,December,17,6893.14,1588.4373
2012,Qtr 4,December,18,10942.61,4068.47925
2012,Qtr 4,December,19,10272.04,-332.26787500000006
2012,Qtr 4,December,20,6848.97,401.3081749999999
2012,Qtr 4,December,21,18275.15,4458.96005
2012,Qtr 4,December,22,3687.37,-213.89057150000005
2012,Qtr 4,December,24,4685.2,3112.1201999999994
2012,Qtr 4,December,25,15757.22,-1362.5996975000003
2012,Qtr 4,December,26,884.41,150.339
2012,Qtr 4,December,27,1135.09,541.12
2012,Qtr 4,December,28,490.04,32.538509999999995
2012,Qtr 4,December,29,3745.65,1053.9835284999997
2012,Qtr 4,December,30,12143.04,5308.024600000001
2012,Qtr 4,December,31,30177.65,6100.324199999999
2013,Qtr 1,January,1,731.29,67.02000000000002
2013,Qtr 1,January,2,6630.2,-954.7568000000002
2013,Qtr 1,January,3,5703.49,-3405.5618240000003
2013,Qtr 1,January,4,7636.85,538.4023
2013,Qtr 1,January,5,8179.5,-2470.65173
2013,Qtr 1,January,6,6248.36,2690.0807999999997
2013,Qtr 1,January,7,2808.47,789.07894
2013,Qtr 1,January,8,27988.86,2163.3890300000003
2013,Qtr 1,January,9,502.02,-22.399080000000033
2013,Qtr 1,January,10,9384.63,778.0425799999998
2013,Qtr 1,January,11,13554.37,5192.157648
2013,Qtr 1,January,12,2724.34,-67.28601999999995
2013,Qtr 1,January,13,8929.12,4635.533643999999
2013,Qtr 1,January,14,9267.92,2525.7291
2013,Qtr 1,January,15,570.04,220.08309999999997
2013,Qtr 1,January,16,2099.03,184.8522599999999
2013,Qtr 1,January,17,803.7,80.7564
2013,Qtr 1,January,18,4102.65,1543.8640399999997
2013,Qtr 1,January,19,16192.97,4761.68238
2013,Qtr 1,January,20,8281.3,4268.40568
2013,Qtr 1,January,21,2244.41,418.45686
2013,Qtr 1,January,22,3516.66,-224.46847200000002
2013,Qtr 1,January,23,6517.81,786.5435399999999
2013,Qtr 1,January,24,33556.02,7374.583899999999
2013,Qtr 1,January,25,231.66,-31.152540000000002
2013,Qtr 1,January,26,2628.25,1030.8287999999998
2013,Qtr 1,January,27,15308.38,1955.19922
2013,Qtr 1,January,28,2494.86,387.04349999999994
2013,Qtr 1,January,29,1495.91,275.07239999999996
2013,Qtr 1,January,30,3385.93,295.1160399999998
2013,Qtr 1,January,31,1510.21,342.65622
2013,Qtr 1,February,1,6778.2,1043.6014
2013,Qtr 1,February,2,3143.28,-362.1603000000003
2013,Qtr 1,February,3,45.35,-32.4
2013,Qtr 1,February,4,369.89,130.8758
2013,Qtr 1,February,5,1843.05,-3179.9980000000005
2013,Qtr 1,February,6,4399.21,291.7329
2013,Qtr 1,February,7,3268.01,-3027.3968999999993
2013,Qtr 1,February,8,6120.37,1046.8255999999997
2013,Qtr 1,February,9,9894.19,-652.8981557800008
2013,Qtr 1,February,10,848.72,-184.98360000000002
2013,Qtr 1,February,11,17646.37,-4389.915099999999
2013,Qtr 1,February,12,1334.87,-25.775399999999994
2013,Qtr 1,February,13,1925.52,-475.24600000000004
2013,Qtr 1,February,14,9982.49,1673.3072000000004
2013,Qtr 1,February,15,11137.99,3017.9978120000005
2013,Qtr 1,February,16,1525.92,-1041.7748
2013,Qtr 1,February,17,10570.29,3642.7507999999993
2013,Qtr 1,February,18,4133.63,-2606.6429500000004
2013,Qtr 1,February,19,784.39,-62.85669999999999
2013,Qtr 1,February,20,10.4,-9.28
2013,Qtr 1,February,21,1318.11,-364.43510000000003
2013,Qtr 1,February,22,3.25,0.35000000000000053
2013,Qtr 1,February,23,7448.55,1359.5137
2013,Qtr 1,February,24,2052.86,-197.33399999999997
2013,Qtr 1,February,25,681.27,2.247
2013,Qtr 1,February,26,4484.5,3042.6440000000002
2013,Qtr 1,February,27,37007.93,9187.861714
2013,Qtr 1,February,28,370.39,516.1320000000001
2013,Qtr 1,March,1,918.61,250.46639999999996
2013,Qtr 1,March,2,26352.85,16589.4909
2013,Qtr 1,March,3,3444.22,862.2399999999999
2013,Qtr 1,March,4,2482.21,465.05890000000005
2013,Qtr 1,March,5,5814.87,2864.325999999999
2013,Qtr 1,March,6,976.5,-363.84319999999997
2013,Qtr 1,March,7,1043.8,-51.32399999999999
2013,Qtr 1,March,8,2086.92,-1101.1162
2013,Qtr 1,March,9,1088.7,-2814.8701
2013,Qtr 1,March,10,3721.61,2083.2358999999997
2013,Qtr 1,March,11,7181.55,-5072.279
2013,Qtr 1,March,12,19043.61,5391.3032
2013,Qtr 1,March,13,2305.01,696.5951
2013,Qtr 1,March,14,5158.89,489.6099
2013,Qtr 1,March,15,1091.83,-12.379000000000033
2013,Qtr 1,March,16,515.17,-282.1657
2013,Qtr 1,March,17,3103.77,176.25330000000002
2013,Qtr 1,March,18,9296.52,-1241.3500000000001
2013,Qtr 1,March,19,14246.39,1318.1774
2013,Qtr 1,March,20,788.75,192.2216999999999
2013,Qtr 1,March,21,3131,540.8680000000002
2013,Qtr 1,March,22,9682.57,-1552.9429
2013,Qtr 1,March,23,11952.38,-5708.9936
2013,Qtr 1,March,24,3843.2,3424.7586
2013,Qtr 1,March,25,627.89,319.2571
2013,Qtr 1,March,26,787.5,1621.2939999999996
2013,Qtr 1,March,27,2865.52,68.23750000000004
2013,Qtr 1,March,28,11161.29,-1205.0242000000003
2013,Qtr 1,March,29,3703.61,-668.8431
2013,Qtr 1,March,30,12158.93,-2887.4076
2013,Qtr 1,March,31,1215.28,-284.27540000000005
2013,Qtr 2,April,1,2003.04,7.126700000000028
2013,Qtr 2,April,2,4225.26,1817.996
2013,Qtr 2,April,3,5270.05,1805.6634999999994
2013,Qtr 2,April,4,1053.03,-360.80500000000006
2013,Qtr 2,April,5,542.79,-265.4298
2013,Qtr 2,April,6,6414.39,2845.3469
2013,Qtr 2,April,7,1545.88,-863.4449000000002
2013,Qtr 2,April,8,2029.9,717.8837000000003
2013,Qtr 2,April,9,4233.58,-1867.7342990000002
2013,Qtr 2,April,10,4515.65,1515.30915
2013,Qtr 2,April,11,6374.81,-1332.2968
2013,Qtr 2,April,12,16455.01,-1718.7913000000003
2013,Qtr 2,April,13,7929.14,-526.4862000000002
2013,Qtr 2,April,14,3459.36,2936.3201339999996
2013,Qtr 2,April,15,2684.3,1637.8935999999999
2013,Qtr 2,April,16,5054.72,-3739.7378999999996
2013,Qtr 2,April,17,2106.98,518.7520999999999
2013,Qtr 2,April,18,15182.1,-904.8198884000003
2013,Qtr 2,April,19,4710.71,3093.9393
2013,Qtr 2,April,20,3175.36,1016.8090000000001
2013,Qtr 2,April,21,8963.52,1992.6834999999996
2013,Qtr 2,April,22,8490.86,-1105.7834900000003
2013,Qtr 2,April,23,3765.56,2110.8675000000003
2013,Qtr 2,April,24,3049.05,977.3862
2013,Qtr 2,April,25,1432.01,-1414.0982000000004
2013,Qtr 2,April,26,1394.6,147.70600000000002
2013,Qtr 2,April,27,5932.48,2729.3911999999996
2013,Qtr 2,April,28,2996.87,896.7825999999998
2013,Qtr 2,April,29,7981.12,235.2581999999998
2013,Qtr 2,April,30,766.69,-567.45
2013,Qtr 2,May,1,6871.21,2850.1725
2013,Qtr 2,May,2,3864.39,1577.5462999999997
2013,Qtr 2,May,3,2751.78,-263.2713
2013,Qtr 2,May,4,16047.64,-3287.29516
2013,Qtr 2,May,5,10773.8,769.5858000000002
2013,Qtr 2,May,6,38850.18,1233.0305999999996
2013,Qtr 2,May,7,5002.86,5728.2781
2013,Qtr 2,May,8,4862.06,215.6822
2013,Qtr 2,May,9,935.91,-1766.5437124000002
2013,Qtr 2,May,10,5523.54,789.6287000000002
2013,Qtr 2,May,11,2511.05,-4630.469
2013,Qtr 2,May,12,5162.08,160.16424999999998
2013,Qtr 2,May,13,10632.54,3009.564799999999
2013,Qtr 2,May,14,813.68,220.7224
2013,Qtr 2,May,15,371.28,-36.63
2013,Qtr 2,May,16,108.2,-72.60999999999999
2013,Qtr 2,May,17,3386.49,1628.6123999999998
2013,Qtr 2,May,18,9013.83,-306.2379999999998
2013,Qtr 2,May,19,7247.63,935.181
2013,Qtr 2,May,20,6088.74,2360.8944999999994
2013,Qtr 2,May,21,18304,-475.73030000000017
2013,Qtr 2,May,22,3583.7,-753.7306000000001
2013,Qtr 2,May,23,5200.24,-1322.9626999999998
2013,Qtr 2,May,24,1837.69,390.917
2013,Qtr 2,May,25,10013.1,1423.7809739999996
2013,Qtr 2,May,26,9148.82,4536.3422
2013,Qtr 2,May,27,5327.39,-1844.7580000000003
2013,Qtr 2,May,28,2658.91,944.3749000000001
2013,Qtr 2,May,29,1759.94,40.53599999999998
2013,Qtr 2,May,30,9992.18,-504.208
2013,Qtr 2,May,31,10217.29,-380.7933800000001
2013,Qtr 2,June,1,4214.99,-730.1847
2013,Qtr 2,June,2,12272.09,5476.2422799999995
2013,Qtr 2,June,3,1459.28,83.63580000000002
2013,Qtr 2,June,4,866.07,-250.21559999999994
2013,Qtr 2,June,5,9085.24,1372.7805
2013,Qtr 2,June,6,324.6,-37.33320000000001
2013,Qtr 2,June,7,4635.48,1803.8698999999995
2013,Qtr 2,June,8,12800.49,-876.5488000000004
2013,Qtr 2,June,9,450.94,6983.9076000000005
2013,Qtr 2,June,10,396.27,64.17299980000001
2013,Qtr 2,June,11,7310.15,2753.9761999999996
2013,Qtr 2,June,12,6106.6,1253.2015999999999
2013,Qtr 2,June,13,7645.42,1009.3736999999998
2013,Qtr 2,June,14,19806.06,7127.7425
2013,Qtr 2,June,15,4743.17,-2554.1423
2013,Qtr 2,June,16,2099.59,510.40169999999995
2013,Qtr 2,June,17,3353.78,320.68
2013,Qtr 2,June,18,3528.6,-612.9760200000001
2013,Qtr 2,June,19,9649.8,-923.1448000000003
2013,Qtr 2,June,20,5464.77,2517.6118
2013,Qtr 2,June,21,1095.31,755.7638999999999
2013,Qtr 2,June,22,647.26,-139
2013,Qtr 2,June,23,833.02,844.48
2013,Qtr 2,June,24,2790.83,-1358.9592124000003
2013,Qtr 2,June,25,1649.81,115.69600000000003
2013,Qtr 2,June,26,2862.06,1516.2501
2013,Qtr 2,June,27,4090.05,470.5963
2013,Qtr 2,June,28,13170.14,1540.9334
2013,Qtr 2,June,29,12445.84,6605.9648
2013,Qtr 2,June,30,192.82,27.3889
2013,Qtr 3,July,1,3955.02,-1376.1155000000003
2013,Qtr 3,July,2,4890.3,1353.3351240000002
2013,Qtr 3,July,3,5700.53,3617.4593599999994
2013,Qtr 3,July,4,4354.21,1277.572896
2013,Qtr 3,July,5,137.28,-224.656096
2013,Qtr 3,July,6,2248.41,1339.0909199999999
2013,Qtr 3,July,7,4783.32,791.4396520000003
2013,Qtr 3,July,8,4167.82,2640.02058
2013,Qtr 3,July,9,23493.56,3594.567308
2013,Qtr 3,July,10,2409.96,-340.4638
2013,Qtr 3,July,11,1353.61,-361.64243999999997
2013,Qtr 3,July,12,749.74,-975.382888
2013,Qtr 3,July,13,10786.37,763.1240320000002
2013,Qtr 3,July,14,3113.6,1739.8113559999997
2013,Qtr 3,July,15,1662.97,357.4694599999999
2013,Qtr 3,July,16,10385.77,2163.8594783999997
2013,Qtr 3,July,17,1263.61,-141.58536
2013,Qtr 3,July,18,870.7,-2075.087432
2013,Qtr 3,July,19,4609.34,-40.16036304000022
2013,Qtr 3,July,20,2795.41,426.475376
2013,Qtr 3,July,21,27887.54,5369.304756
2013,Qtr 3,July,22,948.56,86.18222800000001
2013,Qtr 3,July,23,831.14,-129.09918
2013,Qtr 3,July,24,53.42,43.265255999999965
2013,Qtr 3,July,25,4605.38,-933.6463160000004
2013,Qtr 3,July,26,11567.45,1335.071899999999
2013,Qtr 3,July,27,7558.9,243.41695999999962
2013,Qtr 3,July,28,7072.56,-1332.933072
2013,Qtr 3,July,29,5975.37,628.9657799999999
2013,Qtr 3,July,30,3104.15,-259.444208
2013,Qtr 3,July,31,3578.92,-2232.1053034999995
2013,Qtr 3,August,1,16590.11,-1761.5020240000001
2013,Qtr 3,August,2,10221.88,1320.8893999999998
2013,Qtr 3,August,3,520.86,153.555164
2013,Qtr 3,August,4,4806.19,2409.094328
2013,Qtr 3,August,5,5004.54,35.149041599999975
2013,Qtr 3,August,6,1606.12,1431.8014600000001
2013,Qtr 3,August,7,38659.13,15828.287887999999
2013,Qtr 3,August,8,647.07,490.7628
2013,Qtr 3,August,9,26495,4752.946827999999
2013,Qtr 3,August,10,11290.59,14962.218131999996
2013,Qtr 3,August,11,5736.33,2767.93448
2013,Qtr 3,August,12,43914.72,6816.899571999999
2013,Qtr 3,August,13,204.03,-69.677936
2013,Qtr 3,August,14,31852.84,4495.153512
2013,Qtr 3,August,15,4932.43,2263.260243999999
2013,Qtr 3,August,16,3780.92,-401.44184000000007
2013,Qtr 3,August,17,4198.1,-50.250224000000024
2013,Qtr 3,August,18,4670.78,-845.5034940000003
2013,Qtr 3,August,19,9246.72,860.914752
2013,Qtr 3,August,20,5034.73,1530.192744
2013,Qtr 3,August,21,5306.36,756.1677679999998
2013,Qtr 3,August,22,4534.07,1099.9056799999998
2013,Qtr 3,August,23,2314.22,51.21456
2013,Qtr 3,August,24,3127.41,1388.3860519999996
2013,Qtr 3,August,25,300.66,-47.88
2013,Qtr 3,August,26,10877.65,-2134.4798600000004
2013,Qtr 3,August,27,6289.62,-2479.9342920000004
2013,Qtr 3,August,28,15853.06,8173.919079999998
2013,Qtr 3,August,29,2391.43,-322.79493760000014
2013,Qtr 3,August,30,7609.15,265.07860879999976
2013,Qtr 3,August,31,168.35,36.905052
2013,Qtr 3,September,1,3147.65,157.11263291999975
2013,Qtr 3,September,2,8767.17,2887.2664
2013,Qtr 3,September,3,4020.7,895.65492
2013,Qtr 3,September,4,15527.18,230.30666799999983
2013,Qtr 3,September,5,22480.43,1083.1150600000005
2013,Qtr 3,September,6,17364.21,4932.796899999999
2013,Qtr 3,September,7,2586.31,-211.9672
2013,Qtr 3,September,8,2264.65,-439.9723200000001
2013,Qtr 3,September,9,5036.13,250.91980000000018
2013,Qtr 3,September,10,12703.87,3229.49584
2013,Qtr 3,September,11,2801.71,-719.11064
2013,Qtr 3,September,12,11641.65,2129.82812328
2013,Qtr 3,September,13,16299.4,3853.1111200000005
2013,Qtr 3,September,14,19773.96,7308.134799999999
2013,Qtr 3,September,15,15544.79,927.68524
2013,Qtr 3,September,16,2457.48,-411.8216399999999
2013,Qtr 3,September,17,7533.11,2197.9694999999997
2013,Qtr 3,September,18,4680.29,-339.07857999999993
2013,Qtr 3,September,19,17092.95,4244.875440000001
2013,Qtr 3,September,20,1984.91,211.35939999999994
2013,Qtr 3,September,21,3800.9,1568.484
2013,Qtr 3,September,22,4526.55,1301.51852
2013,Qtr 3,September,23,26833.22,1211.9904840000002
2013,Qtr 3,September,24,14670.41,-2591.3185000000003
2013,Qtr 3,September,25,6811.56,3872.06404
2013,Qtr 3,September,26,123.58,-49.476000000000006
2013,Qtr 3,September,27,3188.57,1405.4473
2013,Qtr 3,September,28,2331.05,376.83040000000005
2013,Qtr 3,September,29,5528.02,1679.00112
2013,Qtr 3,September,30,6044.83,193.79368759999988
2013,Qtr 4,October,1,6983.1,12.360499999999945
2013,Qtr 4,October,2,33780.06,-4993.9029
2013,Qtr 4,October,3,4042.65,1181.9436999999998
2013,Qtr 4,October,4,22107.25,1556.3253999999997
2013,Qtr 4,October,5,7326.78,498.0855
2013,Qtr 4,October,6,14862.63,617.3440000000002
2013,Qtr 4,October,7,15398.23,5914.9503
2013,Qtr 4,October,8,4997.04,650.0145
2013,Qtr 4,October,9,2220.64,51.14980000000003
2013,Qtr 4,October,10,3394.89,-864.4580000000001
2013,Qtr 4,October,11,7566.69,7597.02256
2013,Qtr 4,October,12,2367.41,321.1980000000001
2013,Qtr 4,October,13,4414.16,-41.778700000000015
2013,Qtr 4,October,14,56887.72,14678.264799999999
2013,Qtr 4,October,15,5567.87,-686.7311
2013,Qtr 4,October,16,14996.39,1625.633
2013,Qtr 4,October,17,928.55,350.4287
2013,Qtr 4,October,18,37133.69,-1588.7683
2013,Qtr 4,October,19,7121.03,1781.0217000000002
2013,Qtr 4,October,20,21990.37,1156.5692
2013,Qtr 4,October,21,837.54,314.68
2013,Qtr 4,October,22,10622.7,10.639999999999972
2013,Qtr 4,October,23,13813.82,860.5549999999997
2013,Qtr 4,October,24,942.42,-971.5801124000003
2013,Qtr 4,October,25,7912.62,-1993.3375000000003
2013,Qtr 4,October,26,2829.03,526.3597
2013,Qtr 4,October,27,7285.56,-360.7513999999999
2013,Qtr 4,October,28,29284.37,-784.2418499999999
2013,Qtr 4,October,29,18138.65,3377.0389999999998
2013,Qtr 4,October,30,10897.43,-1533.005679
2013,Qtr 4,October,31,1560.7,-802.8394999999999
2013,Qtr 4,November,1,11247.4,4374.818952000001
2013,Qtr 4,November,2,1872.87,939.258912
2013,Qtr 4,November,3,16653.66,1632.3116
2013,Qtr 4,November,4,9645.01,1098.4924464000005
2013,Qtr 4,November,5,1413.89,-1460.22768
2013,Qtr 4,November,6,2058.92,1624.69758
2013,Qtr 4,November,7,1204.34,226.42267199999998
2013,Qtr 4,November,8,20156.77,11562.321768000002
2013,Qtr 4,November,9,25952.73,13359.44314
2013,Qtr 4,November,10,15439.95,8354.30568
2013,Qtr 4,November,11,3574.74,2066.990664
2013,Qtr 4,November,12,924.95,232.05640000000005
2013,Qtr 4,November,13,6837.33,2074.8176439999997
2013,Qtr 4,November,14,6653.27,4590.7563
2013,Qtr 4,November,15,2592.25,1084.2343680000001
2013,Qtr 4,November,16,15048.39,3407.4671200000003
2013,Qtr 4,November,17,2405.55,2001.3818800000001
2013,Qtr 4,November,18,59601.71,12824.48952
2013,Qtr 4,November,19,30200.04,1057.6471680000002
2013,Qtr 4,November,20,6378.83,464.9633599999999
2013,Qtr 4,November,21,19572.65,2547.5919679999997
2013,Qtr 4,November,22,6296.11,733.0449199999999
2013,Qtr 4,November,23,11104,3668.211288
2013,Qtr 4,November,24,7286.8,6069.755
2013,Qtr 4,November,25,8731.07,1471.381768
2013,Qtr 4,November,26,5526.44,1403.403550400001
2013,Qtr 4,November,27,21083.49,2061.836240000001
2013,Qtr 4,November,28,13579.69,5784.32348
2013,Qtr 4,November,29,8183.34,2841.8527648
2013,Qtr 4,November,30,33902.99,3643.708217600001
2013,Qtr 4,December,1,21506.62,7004.18736
2013,Qtr 4,December,2,44100.22,9314.201777024
2013,Qtr 4,December,3,2645.26,-223.598204944
2013,Qtr 4,December,4,1031.9,-322.619624
2013,Qtr 4,December,5,22334.97,4033.735890000001
2013,Qtr 4,December,6,9243.26,3458.569336
2013,Qtr 4,December,7,5803.9,1728.83816
2013,Qtr 4,December,8,8020.78,851.68256
2013,Qtr 4,December,9,24487.96,8867.629344
2013,Qtr 4,December,10,15536.08,2819.81576
2013,Qtr 4,December,11,1671.94,1489.767832
2013,Qtr 4,December,12,24379.38,-2632.9246839999996
2013,Qtr 4,December,13,5785.12,2405.8953375999995
2013,Qtr 4,December,14,118.08,-9.325679999999998
2013,Qtr 4,December,15,10229.91,5653.870919999999
2013,Qtr 4,December,16,5890.82,38.002627200000006
2013,Qtr 4,December,17,1282.49,107.28082000000002
2013,Qtr 4,December,18,6299.81,3723.607659999999
2013,Qtr 4,December,19,3855.42,2205.633132
2013,Qtr 4,December,20,7858.56,1552.7719200000001
2013,Qtr 4,December,21,4641.6,839.2777312000003
2013,Qtr 4,December,22,1870.51,813.2935239999999
2013,Qtr 4,December,23,11697.39,-954.7336399999999
2013,Qtr 4,December,24,8210.43,1761.572964
2013,Qtr 4,December,25,18733.12,-1235.9316319999998
2013,Qtr 4,December,26,9745.45,1358.38376
2013,Qtr 4,December,27,13207.42,7633.987544
2013,Qtr 4,December,28,11093.22,6394.493807999999
2013,Qtr 4,December,29,14689.77,3346.006856
2013,Qtr 4,December,30,2012.89,409.66376
2013,Qtr 4,December,31,3626.49,2294.856104
